{"cameraMode":{"drawMode":0,"name":"Shaded","section":"Shading Mode"},"sceneLighting":false,"audioPlay":false,"sceneViewState":{"m_AlwaysRefresh":false,"showFog":true,"showSkybox":false,"showFlares":true,"showImageEffects":true,"showParticleSystems":true,"showVisualEffectGraphs":true,"m_FxEnabled":true},"in2DMode":false,"pivot":{"x":-0.010995149612426758,"y":6.662374019622803,"z":23.347461700439454},"rotation":{"x":0.041488129645586017,"y":-0.7354931235313416,"z":-0.04492148011922836,"w":-0.6746313571929932},"size":0.9013878107070923,"orthographic":false}