{"cameraMode":{"drawMode":0,"name":"Shaded","section":"Shading Mode"},"sceneLighting":false,"audioPlay":false,"sceneViewState":{"m_AlwaysRefresh":false,"showFog":true,"showSkybox":false,"showFlares":true,"showImageEffects":true,"showParticleSystems":true,"showVisualEffectGraphs":true,"m_FxEnabled":true},"in2DMode":false,"pivot":{"x":1.832554817199707,"y":6.6687421798706059,"z":24.578113555908204},"rotation":{"x":-0.10089437663555145,"y":0.35807427763938906,"z":-0.03876924142241478,"w":-0.9273212552070618},"size":1.732050895690918,"orthographic":false}